source_created_at,author_id,text,source,language,longitude,latitude,id,labels_topic_0_tweet_id,labels_topic_0_user_id,labels_topic_0_relevant,labels_topic_0_topic,labels_topic_0_ground_truth,labels_topic_0_id,labels_sentiment_0_tweet_id,labels_sentiment_0_user_id,labels_sentiment_0_sentiment,labels_sentiment_0_ground_truth,labels_sentiment_0_id,source_id
2019-01-16 18:45:31,20086215.0,@TLRailUK You opened the doors 20 seconds after a train on the parallel platform pulled away. That is absolutely terrible service.,brandwatch,en-GB,,,403002e4-f21e-96b7-8ba3-9a5209aa5e79,403002e4-f21e-96b7-8ba3-9a5209aa5e79,Z003XDCS,True,none,True,feb9d117-912d-2438-c840-4e190f7177d9,403002e4-f21e-96b7-8ba3-9a5209aa5e79,Z003XDCS,negative,True,26bb9a74-f12b-a2f1-2a6a-fa649a37ffbf,1085609007706984448
2020-09-02 18:20:00.938000,18910523,@TLRailUK why don‚Äôt the doors open at every station to save us folk having to touch the button?!,sprinklr,en,-0.12574,51.50853,72881b0b-3668-6d19-e689-d0a9b27abb7f,72881b0b-3668-6d19-e689-d0a9b27abb7f,Z003XDCS,True,covid,True,7d087378-d168-bf34-59ee-9a26859323b3,72881b0b-3668-6d19-e689-d0a9b27abb7f,Z003XDCS,neutral,True,75d2d3cd-4311-ee51-aea3-8a901d12feab,
2019-05-31 08:18:53,3403899430.0,@TLRailUK When on phone to @LNER they said as it was cancelled they‚Äôve also cancelled ticket and issued refund so now no ticket. That shows on time but all trains going via Croydon before reaching Stevenage so looks like all will be delayed/cancelled,brandwatch,en-GB,,,f64bfdc3-0034-8172-b532-64987f26f29f,f64bfdc3-0034-8172-b532-64987f26f29f,Z003XDCS,True,delays,True,8b1b3562-fa5d-6059-81c8-1f2c6749eff0,f64bfdc3-0034-8172-b532-64987f26f29f,Z003XDCS,negative,True,046ec661-ff1e-b31b-1451-ba33e64bcda8,1134373669948575744
2019-01-20 13:13:51,1096645303.0,"@LiveCommute @bus131 @tlupdates @TLRailUK @brighton_line They are monopolies which go unregulated regarding genuine customer experience, hence three hour train journeys without tables, trays, heating, luggage racks even though they service two of Europes busiest airports. It's a failed industry.",brandwatch,en-GB,,,f9deea89-cad4-c684-f5bb-abb6bd3afed3,f9deea89-cad4-c684-f5bb-abb6bd3afed3,Z003XDCS,True,train_general,True,2f741afc-a447-7688-3ebc-26547bc0c4a9,f9deea89-cad4-c684-f5bb-abb6bd3afed3,Z003XDCS,negative,True,355bd9ea-27fa-c1e4-7afb-2cea5c359736,1086975093161578496
2019-03-13 17:58:48,385018109.0,@TLRailUK what is going on with the 17:11 from BFR to PLU? We‚Äôve been on the train for the best part of an hour and are still stuck outside Deptford? Delay repay? Will it ever get to PLU?,brandwatch,en-GB,,,5b3abef8-e212-1f68-9dc2-078022ef60d0,5b3abef8-e212-1f68-9dc2-078022ef60d0,Z003XDCS,True,delays,True,531f69bc-a246-6e12-2828-93544a63f6a7,5b3abef8-e212-1f68-9dc2-078022ef60d0,Z003XDCS,negative,True,4a3ebcbc-92ad-8aae-464e-cc8533640345,1105890970627964929
2019-11-28 18:22:15,2589703207,"@NetworkRailSE @SouthernRailUK #TLUpdates - Thameslink services may be subject to further delay on between London & Bedford and London & Cambridge as a knock on effect of this issue. Full details, including service updates, live departures & ticket acceptance ‚ÑπÔ∏èüëá https://t.co/iYMraBkjSy",brandwatch,en-GB,,,bf1af37c-b858-5862-a041-72ae7d7901df,bf1af37c-b858-5862-a041-72ae7d7901df,Z003XDCS,True,delays,True,177a266d-b749-831d-a05f-4ac74966912a,bf1af37c-b858-5862-a041-72ae7d7901df,Z003XDCS,neutral,True,2be99be2-e15a-2d8e-364c-9fa33f96e376,1200117715278745600
2020-01-08 16:57:46,4142669015,"@ClaireTierney5 The 1611 was diverted between East Croydon and Blackfriars not calling at London Bridge, but Thameslink didn't bother to update the data so Customer Information Screens and Journey Planers didn't show the alteration.",brandwatch,en,,,4dfb84f4-01bc-7104-bfd0-684d8cc8f81a,4dfb84f4-01bc-7104-bfd0-684d8cc8f81a,Z003XDCS,True,service,True,3244d065-c900-0547-cd60-b255eaa7091b,4dfb84f4-01bc-7104-bfd0-684d8cc8f81a,Z003XDCS,negative,True,13dad092-a4c4-43ac-4b25-f5844ae73e88,1214954360532295680
2019-05-21 22:43:48,320797050.0,@soran1 @TLRailUK Drivers are not in charge of heating or AC on class 700 trains. It‚Äôs set by the owner-maker at their depots,brandwatch,en,,,a7678871-0536-9174-3539-a43e911c0673,a7678871-0536-9174-3539-a43e911c0673,Z003XDCS,True,hvac,True,95efcaff-5642-6cef-d8a0-87064a4a8e75,a7678871-0536-9174-3539-a43e911c0673,Z003XDCS,neutral,True,740aecc0-3470-4b1b-4593-06129bd45b99,1130967454396633093
2019-02-25 00:31:10,1883044812,@TLRailUK I hear the managers are staying at the St pancras hotel because of concerns of their trains being cancelled or delayed making them late üòÇüòÇüòÇ,brandwatch,en-GB,,,27a0fcaf-0e31-5192-26ae-30e172c0c310,27a0fcaf-0e31-5192-26ae-30e172c0c310,Z003XDCS,True,delays,True,0e1e1489-070c-85e9-9aab-501bc32eb4ea,27a0fcaf-0e31-5192-26ae-30e172c0c310,Z003XDCS,negative,True,8f1df62b-8a7e-393c-fb7d-40a328859198,1099829118139547648
2019-12-28 22:00:37,102896451,Hi @TLRailUK your 2008 Horsham to Peterborough service is being delayed at Finsbury Park while we await a driver. Any idea where this driver is and how long we wait please.,brandwatch,en-GB,,,627160cd-79e0-c4f5-372d-0de764a810b4,627160cd-79e0-c4f5-372d-0de764a810b4,Z003XDCS,True,delays,True,40a970c4-8115-76ae-ff23-a8262d670148,627160cd-79e0-c4f5-372d-0de764a810b4,Z003XDCS,negative,True,c312d216-343c-33ae-9a59-7ca0e3e885f8,1211044306464755713
2019-01-24 09:23:11,33222905.0,@geofftech stuck on heavily delayed Thameslink when your Brighton engineering voiceover booms out. Is this your full time job now?! No escape!,brandwatch,en-GB,,,97e61263-98fa-fb36-e128-095da2899790,97e61263-98fa-fb36-e128-095da2899790,Z003XDCS,True,delays,True,821b27c1-5a70-78cc-ef74-b77e44e73714,97e61263-98fa-fb36-e128-095da2899790,Z003XDCS,negative,True,fa73d4af-29a0-6591-c1a7-a582872bcdb9,1088366592960987136
2019-06-06 06:20:07,1096645303,@chief__rocka @tlupdates @LambrettaGT205 @Coddiwomples @TLRailUK @ABCommuters @LilianGreenwood @WhichUK I travel TL Class700 twice a day. Only been trays on one trip this week. The daily soaking in pints of coffee placed on the floor takes the Class out of anything TL provides.,brandwatch,en-GB,,,5b615b33-d44d-724b-dd0a-110b0bdad8f3,5b615b33-d44d-724b-dd0a-110b0bdad8f3,Z003XDCS,True,vandalism,True,d05cac90-508b-64cb-038b-276abcee4005,5b615b33-d44d-724b-dd0a-110b0bdad8f3,Z003XDCS,negative,True,ca32156c-1f56-8bb6-2cb6-6d1337077742,1136518109735661568
2020-02-18 09:37:08,1170498368604463104,"‚ÄúCrossCountry, Great Western Railway, Northern, South Western Railway, Southern, Thameslink and Transport for Wales were among the operators with delays and cancellations.‚Äù https://t.co/eRCxX7hKiV",brandwatch,en,,,f80dddad-1281-bbe1-385f-bb07421cec61,f80dddad-1281-bbe1-385f-bb07421cec61,Z003XDCS,True,delays,True,a4aeab04-de22-96a3-82fb-ad750c4a315a,f80dddad-1281-bbe1-385f-bb07421cec61,Z003XDCS,neutral,True,c4bf99fb-6ada-a71b-638b-544eab1d9b44,1229701372209176578
2019-01-21 09:33:16,59091215.0,Dearest @TLRailUK could you possibly delay my train by such an extent that I miss my important meeting this morning? Oh you already have?! Wow...you guys are good! #useless,brandwatch,en-GB,,,490a2cb6-cc9a-9373-66a5-3c1b083a85a7,490a2cb6-cc9a-9373-66a5-3c1b083a85a7,Z003XDCS,True,delays,True,be8644e2-c9cc-fde9-6c38-ea4d25557eb5,490a2cb6-cc9a-9373-66a5-3c1b083a85a7,Z003XDCS,negative,True,867684a3-d878-93ea-e85d-10316d5770dc,1087281969384304640
2020-02-10 18:57:51,4684908230,"@TLRailUK wow! Shocking service! Boarded at 1733 in Gatwick and only just reached Purley now! Hardly any announcements and random stations were added. For someone not from this area, it was very confusing! Please advise how I can get compensation for this delay.",brandwatch,en,,,30adcf17-1a4e-40f0-6a84-550fc9f361a7,30adcf17-1a4e-40f0-6a84-550fc9f361a7,Z003XDCS,True,tickets/seat_reservations,True,8eca8db6-3b4b-06bd-d249-02824baf76be,30adcf17-1a4e-40f0-6a84-550fc9f361a7,Z003XDCS,negative,True,2622e4d5-50fa-ee8a-aefb-34b1f89d9aa0,1226943379499560963
2020-10-24 11:23:06.641000,1065722831575617537,@TLRailUK But no on train announcements so when I‚Äôm on a train (like now) with a coach full of lads not wearing one mask between them my confidence is rock bottom,sprinklr,en,-0.37126,50.81448,a78fd5c2-baa1-de97-2633-a17a09a1b941,a78fd5c2-baa1-de97-2633-a17a09a1b941,Z003XDCS,True,covid,True,b4c9a46f-45d2-011f-5bbe-9d835a870f89,a78fd5c2-baa1-de97-2633-a17a09a1b941,Z003XDCS,negative,True,2b333b6c-8ba3-f059-16f1-bd77336c7098,
2020-02-19 08:01:04,501604613,@TLRailUK not a single announcement at Flitwick station as trains cancelled and delays get longer. Platform 1 now looking dangerously overcrowded. Well done. Thanks again,brandwatch,en,,,3f07036f-2d3c-0d5b-8e59-314b47b7d717,3f07036f-2d3c-0d5b-8e59-314b47b7d717,Z003XDCS,True,station,True,60002c76-0f13-50a3-d645-88b02ee72129,3f07036f-2d3c-0d5b-8e59-314b47b7d717,Z003XDCS,negative,True,85cbd3b9-0fe4-8f4f-a374-9669fbf0c811,1230039585519960065
2019-12-12 12:43:34,962725569824780289,We are delighted to announce our newest partnerships with @ForesightGroup and @TLRailUK You can read about it here: https://t.co/Dc9bEoXYJl Everyone can be a life saver‚ù§Ô∏è #LondonHearts #Defibrillator,brandwatch,en-GB,,,4fdcc7f3-74b5-d249-19d2-92065a982f5d,4fdcc7f3-74b5-d249-19d2-92065a982f5d,Z003XDCS,True,none,True,c3dffcbc-76ac-9544-c736-08388a4711b7,4fdcc7f3-74b5-d249-19d2-92065a982f5d,Z003XDCS,neutral,True,144ef051-4183-8e34-6c4b-d06e4eee2bc6,1205105915130712064
2019-01-20 14:48:47,7.995946602221609e+17,"@pauleldred @NorthHertsSam @TLRailUK @GNRailUK Indeed. Management would probably determine that the physical movement would be a shrug of the shoulders with one hand showing two fingers and the other thrust in a pocket. Whilst the verbal call would be 'not anytime soon mate, delay repay' üòÄ",brandwatch,en-GB,,,4073bd66-9ef7-638d-06cb-c516ccc1c952,4073bd66-9ef7-638d-06cb-c516ccc1c952,Z003XDCS,True,delays,True,2b4a6a31-141c-6f73-2d9c-2e612d94e33d,4073bd66-9ef7-638d-06cb-c516ccc1c952,Z003XDCS,neutral,True,ea7a3b0b-33d1-fabd-1e80-d69deba94240,1086998983288016902
2019-02-18 09:29:28,288916504,@TLRailUK The 0847 from Denmark hill to Blackfriars. The doors were shut long enough for the train on the next platform to arrive and depart and then some,brandwatch,en,,,89ca4b37-dabb-5a98-08b1-c04e3528ec1d,89ca4b37-dabb-5a98-08b1-c04e3528ec1d,Z003XDCS,True,service,True,457d2582-ae10-74a1-f904-b05cf456ef60,89ca4b37-dabb-5a98-08b1-c04e3528ec1d,Z003XDCS,negative,True,66f409b2-1f97-cc64-6866-3848d0b9c82c,1097427872711671808
2019-07-19 07:12:46,485694668,@TLRailUK A bit sore but I‚Äôm ok thank you. I slipped on the metal strip on the floor between carriages. Would be nice if someone offered me their seat but no!,brandwatch,en-GB,,,6856c2a7-aa04-0899-6478-ba334c15f72b,6856c2a7-aa04-0899-6478-ba334c15f72b,Z003XDCS,True,service,True,0c28572a-6749-2f4a-2753-cb3e447df5e0,6856c2a7-aa04-0899-6478-ba334c15f72b,Z003XDCS,negative,True,0a070139-c040-5e4a-6b82-767cd8a4e4a3,1152114039654404097
2019-11-11 19:34:38,3657593055,"@glove_pet @PrincessBella_B @medboyUK Oh yes those are really bad, but hey getting a seat on a Thameslink is a result usually let‚Äôs face it, well at rush hour anyway xxx",brandwatch,en-GB,,,c98d9d5b-4e8d-5573-d9c7-b12b7797de45,c98d9d5b-4e8d-5573-d9c7-b12b7797de45,Z003XDCS,True,none,True,54c8cd7f-fccf-b007-6d22-2d3a079d30a6,c98d9d5b-4e8d-5573-d9c7-b12b7797de45,Z003XDCS,neutral,True,8244179a-895c-99ad-8d4a-85730fabfc08,1193975340747673603
2019-02-25 06:56:22,2160745083,@TLRailUK That‚Äôs the answer whenever I ask for the reason! It‚Äôs delayed almost every day. You never come back with the result of your investigations into these daily delays. A late start invariably leads to further delay due to the congestion caused #thameslink,brandwatch,en-GB,,,2f561857-60a4-e50b-847a-7c6d93e19736,2f561857-60a4-e50b-847a-7c6d93e19736,Z003XDCS,True,delays,True,9389555d-f877-c1b0-8980-e6f3cc03ed61,2f561857-60a4-e50b-847a-7c6d93e19736,Z003XDCS,negative,True,44ec4bce-e344-3e3c-1ba7-02bc6b805a01,1099926057208172550
2019-08-14 08:33:01,468631478,@TLRailUK 0930 at ECR (on late 0807 BTN to LBG. Yes there‚Äôs disruption and hindered trying to get on. A positive shout out to the driver for firm and polite advice to customers who were obstructing the doors. Sometimes a threat of even more chaos works. Perfect response from him!,brandwatch,en,,,86576544-07dd-d354-7586-34ef226753ab,86576544-07dd-d354-7586-34ef226753ab,Z003XDCS,True,none,True,4166c358-25ec-c529-9fd5-9b74a0be3c3f,86576544-07dd-d354-7586-34ef226753ab,Z003XDCS,neutral,True,51f71b39-174e-a4e0-d42d-850e1e294e7a,1161556317703741440
2019-10-31 18:41:08,243433016,"@TLRailUK hello, do you compensate for missed connections due to your delayed service?",brandwatch,en,,,4efedc18-ebaf-cf58-92b7-7b21b6e37eaa,4efedc18-ebaf-cf58-92b7-7b21b6e37eaa,Z003XDCS,True,delays,True,f830424d-5c38-f9fd-c6b7-7b465943fac6,4efedc18-ebaf-cf58-92b7-7b21b6e37eaa,Z003XDCS,neutral,True,cd3ab491-4c46-1f78-e6dd-287c1b4b7bdd,1189975610698928131
2019-05-31 06:00:51,19066360.0,"@CinqueBrowne @TLRailUK Traksy, opentraintimes and realtimetrains are your friend at times like this. Always use them on my regular trip between Waterloo and Honiton to work out if we'll get held up waiting for a train the other way on the single track sections - well before the guard knows !!!",brandwatch,en-GB,,,33be3bcd-f3fd-5866-c957-3f1f59ce0b12,33be3bcd-f3fd-5866-c957-3f1f59ce0b12,Z003XDCS,True,delays,True,a85a86d0-7b06-8c15-5b02-968b113f0034,33be3bcd-f3fd-5866-c957-3f1f59ce0b12,Z003XDCS,negative,True,8afffa47-0ca3-2481-8e4c-237ad68fc0b7,1134338931837808640
2020-03-20 08:13:11,1200044861174489088,"@charliebrief @TLRailUK Hi. I drive these trains. Unless you‚Äôre between St P & London Bridge there‚Äôs no way we can open the doors, we can only fully release them for passengers to press the buttons. The equipment in the TL core allows the train to do this, but it‚Äôs not anywhere else.",brandwatch,en-GB,,,d4cf74a7-8b46-6634-da27-06245214c06f,d4cf74a7-8b46-6634-da27-06245214c06f,Z003XDCS,True,doors,True,1da7ef78-7e89-26aa-4858-06502e95df44,d4cf74a7-8b46-6634-da27-06245214c06f,Z003XDCS,neutral,True,515d1aa2-bd5b-029d-901a-24869940a41c,1240914270000427009
2019-08-29 16:13:36,2589703207,#TLUpdates - Please allow extra time for your journey this afternoon as services running through Tulse Hill will be delayed by up to 20 minutes. Tickets will be accepted on London buses between London Terminals and Sutton. ‚ÑπÔ∏èüëáhttps://t.co/1XlTRS2qKJ,brandwatch,en-GB,,,4270f0f1-3f8e-aabc-ac87-d52eeea9a600,4270f0f1-3f8e-aabc-ac87-d52eeea9a600,Z003XDCS,True,tickets/seat_reservations,True,ba8ea69c-22f2-c638-3060-4f364daadd99,4270f0f1-3f8e-aabc-ac87-d52eeea9a600,Z003XDCS,negative,True,180eb042-2675-c6d4-aee1-fa046921dfb5,1167108047325540352
2019-02-19 06:57:30,946553076,"@mad_disciple @tlupdates @ChrisGrose2 @AndyBraben @PRPcommuters @CarolineLucas @SouthernRailUK @GTRailUK @TLRailUK @ABCommuters One‚Äôs Brighton mainline improvement is another‚Äôs Brighton mainline blackout. This is critical national infrastructure crippled by maintenance activity, with insufficient N-1 contingency allowed for in the design. Passengers are ‚Äòdouble taxed‚Äô in high costs and lengthy delays.",brandwatch,en-GB,,,7abf4605-978f-a60b-074a-2ae6c323a639,7abf4605-978f-a60b-074a-2ae6c323a639,Z003XDCS,True,delays,True,19cbc8b5-ed75-3f48-7583-68c73c1a49c3,7abf4605-978f-a60b-074a-2ae6c323a639,Z003XDCS,negative,True,95554021-665e-411e-874b-28de123410d1,1097752017072803840
2019-04-29 06:58:39,3081539259.0,"@GNRailUK @TLRailUK Is that again your spring magic and you preparing for May chaos by canceling, than reinstating, than delaying for 2 minutes (waiting for people to come to the station) to cancel 7.51 from Oakleigh Park?!",brandwatch,en-GB,,,9f186771-4195-2d69-5f48-f61ad9191ede,9f186771-4195-2d69-5f48-f61ad9191ede,Z003XDCS,True,delays,True,070d59f5-43a8-30ba-3f7d-f8fd002dcfeb,9f186771-4195-2d69-5f48-f61ad9191ede,Z003XDCS,negative,True,fcde7cc4-3532-da89-54d6-2462f8f14361,1122757068321107974
2020-02-18 08:45:49,2295872418,@TLRailUK - why is the 8.02 Oxted to st P being parked around Croydon just saw the 8.20 train from Uckfield merrily head up to London Bridge - we are now 20 mins delayed.,brandwatch,en-GB,,,dcc608a6-c0d9-7fe0-7c37-48eed923fa86,dcc608a6-c0d9-7fe0-7c37-48eed923fa86,Z003XDCS,True,delays,True,c8aacb79-0e22-27be-83c9-0490193ca7dc,dcc608a6-c0d9-7fe0-7c37-48eed923fa86,Z003XDCS,neutral,True,bc3ffed5-6185-67d1-14da-05d4f430be67,1229688456990904322
2019-11-01 17:47:01,3329830353,"@TLRailUK Okay, just thought I ask as train cis and platform cis were displaying two different destinations and pa announcements weren‚Äôt clear :(",brandwatch,en,,,4ab91420-2992-3ea8-5639-923ec29eab41,4ab91420-2992-3ea8-5639-923ec29eab41,Z003XDCS,True,service,True,b41d2aed-b1c7-1bc8-ad3c-b0d256248a3c,4ab91420-2992-3ea8-5639-923ec29eab41,Z003XDCS,negative,True,8d5d77c1-c489-a4ec-578d-44768adcfebc,1190324376736059393
2019-04-14 09:00:16,4889756117.0,"@timrobwalker @TLRailUK You may be aware, but in this type of situation it's best to claim a refund not use the delay repay system https://t.co/MCGBgo9JZq Shouldn't be any admin fee",brandwatch,en,,,d864a326-f92f-d707-b185-3ecff5e80e12,d864a326-f92f-d707-b185-3ecff5e80e12,Z003XDCS,True,delays,True,c4f155eb-9abb-e98a-ce36-e4e603c5f6ed,d864a326-f92f-d707-b185-3ecff5e80e12,Z003XDCS,negative,True,3487ff90-4c39-9e30-141d-53bf068eb818,1117351855489679362
2020-01-30 18:47:14,387584807,"#Southern Delays of up to ten minutes and some cancellations on Southern between West Croydon and Streatham Common, and between East Croydon and Streatham Common due to trespass incident earlier at Selhurst. Tickets being accepted on London Bus, Tram and Thameslink services.",brandwatch,en-GB,,,8de9a4ba-1abd-a2d7-67d4-f106a18e1589,8de9a4ba-1abd-a2d7-67d4-f106a18e1589,Z003XDCS,True,delays,True,0afc4f4d-bd3d-1ecd-469d-384d4992bb65,8de9a4ba-1abd-a2d7-67d4-f106a18e1589,Z003XDCS,neutral,True,990de21b-11a1-a53d-cb1f-74497b032160,1222954438891122688
2019-01-22 07:58:09,532484450.0,"@TLRailUK it seems remarkable that the train is sitting in the sidings at SAC, with people waiting on a cold platform, and yet it pulls into the platform just on 07.52 and departs 2 mins late. https://t.co/aRgHKjeGx5",brandwatch,en,,,bdbda841-ffda-99e0-ef79-6a76cf9b918d,bdbda841-ffda-99e0-ef79-6a76cf9b918d,Z003XDCS,True,delays,True,475df21c-b880-a38b-7e14-bc418d7753aa,bdbda841-ffda-99e0-ef79-6a76cf9b918d,Z003XDCS,negative,True,519f137c-49f6-6c15-80e8-5040c6f02bbc,1087620417924272128
2019-04-17 21:50:44,9.635648011957412e+17,(Thameslink Update) 22:18 Luton to Gillingham Kent due 00:36 - 22:18 Luton to Gillingham Kent due 00:36 has been delayed at St Albans City and is now 6 minutes late.,brandwatch,en-GB,,,ce42cc4a-1cba-25b8-b899-fbbbb560dad2,ce42cc4a-1cba-25b8-b899-fbbbb560dad2,Z003XDCS,True,delays,True,52c5ed14-5257-68c8-8c64-63bc67a6fb01,ce42cc4a-1cba-25b8-b899-fbbbb560dad2,Z003XDCS,negative,True,2e41bd35-aacf-6149-8b87-bb1e7c6b92f7,1118632912893640704
2019-01-22 17:51:52,3513344896.0,@TLRailUK Hi... All the recent evening rush hour trains that I have got between London Bridge and HPD don‚Äôt have WiFi. Is this a conscious decision or am I just unlucky?,brandwatch,en,,,a0022781-3598-e7e6-34bf-2f22ddd024f6,a0022781-3598-e7e6-34bf-2f22ddd024f6,Z003XDCS,True,wifi,True,cc6430c0-a4cf-2605-646e-2dbb2f33aad5,a0022781-3598-e7e6-34bf-2f22ddd024f6,Z003XDCS,negative,True,9f7ea462-020a-7b86-4651-64518bac391b,1087769834417463297
2019-11-05 23:20:48,370677345,@TLRailUK Unfortunately not as i am now home. Luckily the station staff let me use the toilet at chatham,brandwatch,en,,,6e336a71-16e0-74b3-8134-0f2e4b2c3124,6e336a71-16e0-74b3-8134-0f2e4b2c3124,Z003XDCS,True,none,True,8cc81789-83b8-2cd2-311a-66692ac41e27,6e336a71-16e0-74b3-8134-0f2e4b2c3124,Z003XDCS,neutral,True,8a9723d2-da2d-49c9-cdf7-a986e952e6cc,1191857926954242048
2019-04-12 06:03:22,7.427586006706463e+17,If there was a problem with a train would the driver know about it? Heard a Big Bang no on dropped anything sounded like under train but it‚Äôs still going normal etc? Seems fine but a huge noise @TLRailUK,brandwatch,en-GB,,,fbf92fce-70e7-fbca-344e-c5f1dfb63089,fbf92fce-70e7-fbca-344e-c5f1dfb63089,Z003XDCS,True,noise,True,9928cf76-2983-9182-40a2-ace259797a3c,fbf92fce-70e7-fbca-344e-c5f1dfb63089,Z003XDCS,neutral,True,ecc9a535-d7e0-7a76-c510-5bbadd5af886,1116582560966922242
2019-08-28 16:00:52,34994378,Nah is it every day delays @TLRailUK what a bandit train line üò∞üò∂ every week delay repay. It‚Äôs insufferable,brandwatch,en,,,c4d0d6c4-102f-7de0-ad60-df4946caca9b,c4d0d6c4-102f-7de0-ad60-df4946caca9b,Z003XDCS,True,tickets/seat_reservations,True,ff1242b7-8c80-03a4-2ecd-56f14a94c06e,c4d0d6c4-102f-7de0-ad60-df4946caca9b,Z003XDCS,negative,True,64dd1371-b589-67ce-cacb-47979c497a50,1166742453996654593
2019-04-15 05:20:11,406411065.0,@TLRailUK morning gang. Things going well today aren‚Äôt they?! Services in and out of Hitchin are all delayed or cancelled. If only it would snow and you could use that as an excuse too......#cantrunarailway,brandwatch,en,,,0bf9979f-3920-7bce-dec1-09fa40d239b8,0bf9979f-3920-7bce-dec1-09fa40d239b8,Z003XDCS,True,delays,True,651436be-acc5-a071-c05e-215574b2e206,0bf9979f-3920-7bce-dec1-09fa40d239b8,Z003XDCS,negative,True,f689aa61-d7da-f5f3-6fa3-166eb7dc3f11,1117658858200227841
2019-04-30 10:51:16,792071418.0,@LNER I‚Äôm booked on the 11:56 train from Stevenage to Doncaster but my ThamesLink service has been delayed as I‚Äôm stuck on it behind a presumed broken down train as no information has been given out. Can I get on the next service?,brandwatch,en,,,26213be9-123b-321c-8a8e-8fd757b702b4,26213be9-123b-321c-8a8e-8fd757b702b4,Z003XDCS,True,delays,True,cac1628b-e10d-70b6-7356-0c598ef86596,26213be9-123b-321c-8a8e-8fd757b702b4,Z003XDCS,negative,True,d493f965-c22a-8c7e-6a75-9365a03fc9a4,1123177996335157248
2019-04-09 21:52:36,216845699.0,"@TLRailUK, I and others are sat at Peterborough on the delayed Horsham train. There have been no announcements and no information. Are we going to travel south tonight? This is a ludicrous service.",brandwatch,en-GB,,,cfdcea71-fbf4-dc85-c4ac-4ff24d21ab17,cfdcea71-fbf4-dc85-c4ac-4ff24d21ab17,Z003XDCS,True,delays,True,4ec63d75-8f64-dc18-c339-12387ff00d87,cfdcea71-fbf4-dc85-c4ac-4ff24d21ab17,Z003XDCS,negative,True,c8e838ad-a481-2aab-e255-63ad823e664f,1115734278812442625
2019-10-20 14:32:37,30963347,"@xeepo @TLRailUK @TLRailUK Last month, and many beforehand. Screenshot example below. https://t.co/FAqY1QhRgx",brandwatch,en-GB,,,3f610caf-0110-3009-dbc9-181a0cf2d2d6,3f610caf-0110-3009-dbc9-181a0cf2d2d6,Z003XDCS,True,none,True,bf8b8eab-62e7-c6d2-6b66-f6f16537eacc,3f610caf-0110-3009-dbc9-181a0cf2d2d6,Z003XDCS,neutral,True,9fb8f586-c3ff-deb4-5223-4f335cf5eebd,1185926803162050562
2019-11-29 17:21:11,750656769605660672,Day 5 ... sorry I missed day 4 as it was late but the train was still 10 mins delayed .. even at 11 pm at time. Given the incident at London Bridge you‚Äôd think @TLRailUK @SouthernRailUK would do their best for trains to run people home ln time. Apparently another points failure-,brandwatch,en-GB,,,d633fed2-ce13-5f33-1653-6a06bc6b50d8,d633fed2-ce13-5f33-1653-6a06bc6b50d8,Z003XDCS,True,delays,True,0bedaaff-9b5e-daf2-14e6-c45a535b52b3,d633fed2-ce13-5f33-1653-6a06bc6b50d8,Z003XDCS,negative,True,103c5ec6-2708-602f-bf6e-39089523a41e,1200464738481836038
2019-02-26 18:51:17,25116632,Yet more @TLRailUK delays and cancellations during #rushhour with no alternatives to get back to #Letchworth from #FinsburyPark. #moorgate apparently to blame. #traindelay as always when you just want to go home. https://t.co/iXXpVxqJuv,brandwatch,en-GB,,,8d22c043-3c91-8278-73df-959adfc42a00,8d22c043-3c91-8278-73df-959adfc42a00,Z003XDCS,True,delays,True,6c702237-e2f5-57cf-d185-3ade03c1e1a9,8d22c043-3c91-8278-73df-959adfc42a00,Z003XDCS,negative,True,06b3e508-a7c9-1168-e1db-c039519c019d,1100468359785824256
2019-05-29 18:30:26,1.1012078968666355e+18,Thanks... for nothing! @TLRailUK No paper in the toilet on the 17.29 service from Blackfriars to Brighton... https://t.co/BZ8pRuQbyu,brandwatch,en,,,0bfd7742-bf7a-5c8b-2a10-80fe6ee455c1,0bfd7742-bf7a-5c8b-2a10-80fe6ee455c1,Z003XDCS,True,toilets,True,3876562d-92a4-385a-c9f5-aaf06b8e2fec,0bfd7742-bf7a-5c8b-2a10-80fe6ee455c1,Z003XDCS,neutral,True,e9831fd5-f41a-b0d2-9e7a-ca45fae1ea43,1133802799081426946
2020-02-15 11:00:53,1228634078485893121,What a total joke on starting my hen do @LNER booked first class now sitting on a Thames link train in a damp seat as trains cancelled rude staff at Peterborough station @TLRailUK üò°üò• #unacceptable #notfun #disappointed,brandwatch,en,,,7cab1161-6f2d-c308-1be0-fbeb9f43422b,7cab1161-6f2d-c308-1be0-fbeb9f43422b,Z003XDCS,True,station,True,a903d2ed-415b-bade-dd61-bc647ab129ca,7cab1161-6f2d-c308-1be0-fbeb9f43422b,Z003XDCS,negative,True,619db9fa-325f-5900-0e50-d4090edad823,1228635285891768320
2020-03-13 09:24:05,217591694.0,@TLRailUK @NorthHertsSam @hitchincommuter @SteveWhiteRail @TfL This screen in the ticket hall at KGX & StP underground... https://t.co/KLEiFq4saB,brandwatch,en,,,105fea07-6f89-7bea-9652-87af3d669f18,105fea07-6f89-7bea-9652-87af3d669f18,Z003XDCS,True,station,True,83076238-1679-b43a-253b-dd4b067eeeae,105fea07-6f89-7bea-9652-87af3d669f18,Z003XDCS,negative,True,9e91df98-7872-1933-77b8-839edbafdc8a,1238395397590188032
2019-05-31 15:52:11,547789703.0,@TLRailUK I was heading to London Bridge to get a connecting south eastern train. The next train is now also delayed!,brandwatch,en,,,67ed3a67-9adc-2ae6-6bca-bdeead683274,67ed3a67-9adc-2ae6-6bca-bdeead683274,Z003XDCS,True,delays,True,6dae3451-0169-fa20-0a88-ce04974444cb,67ed3a67-9adc-2ae6-6bca-bdeead683274,Z003XDCS,negative,True,08672e73-5bee-ce11-252c-3944244da749,1134487749535420416
2019-12-21 14:13:31,2242864728,@TLRailUK hi can you end the disruption to my wifi service cause you've put a wifi blockage in,brandwatch,en,,,dc72fa47-b7e7-ff4c-eaaf-b82582a588a9,dc72fa47-b7e7-ff4c-eaaf-b82582a588a9,Z003XDCS,True,wifi,True,ce68112d-7c7f-3289-32d6-ce238b08a16f,dc72fa47-b7e7-ff4c-eaaf-b82582a588a9,Z003XDCS,neutral,True,47d6bc01-d022-866d-684a-4f9b5564c6ed,1208390042466635778
2019-03-16 15:15:21,320797050.0,"@guy1logic @TLRailUK @mikecurtisg Station staff have no connection with the driver, the driver has no choice of line or platform, the driver checks the cab monitors once the doors are clear he closes the doors and the train leaves. At no time would the driver know anyone was changing platforms",brandwatch,en,,,d9c42ede-1705-3225-5d08-0501bd95810c,d9c42ede-1705-3225-5d08-0501bd95810c,Z003XDCS,True,station,True,d8a9f42e-f054-7a3c-2952-22b230cf6dd5,d9c42ede-1705-3225-5d08-0501bd95810c,Z003XDCS,negative,True,88dfe622-72e4-8e76-6d0c-12d7d97d8f29,1106937001956331520
2019-08-28 07:55:03,57022802,@TLRailUK None of the People on the Train to st alban city stand up and offer their seats to pregnant women. Is there anything you can do to raise more awareness among customers?,brandwatch,en-GB,,,23592e8e-6c60-5520-a791-9bd7ede73b2a,23592e8e-6c60-5520-a791-9bd7ede73b2a,Z003XDCS,True,seats,True,67e67ccd-de50-4348-40c3-7a4c5e69a77f,23592e8e-6c60-5520-a791-9bd7ede73b2a,Z003XDCS,negative,True,e2126140-414f-4bb1-1080-ee5248d09109,1166620194443333632
2020-01-23 07:00:43,2503813861,"Delightful @TLRailUK train this morning - filled with last night's litter, no WiFi and nowhere to put a laptop so unable to work. It's like commuting in the 1970s only with vastly over inflated fares.",brandwatch,en,,,89c1a830-ba1c-3053-a12f-d5d38074e509,89c1a830-ba1c-3053-a12f-d5d38074e509,Z003XDCS,True,vandalism,True,5a74478f-5783-8c89-8c9f-782e06d56e98,89c1a830-ba1c-3053-a12f-d5d38074e509,Z003XDCS,negative,True,72a80f32-eb80-5b43-90c6-4a02b93d954b,1220239924399681536
2019-10-09 15:40:29,76961834,"Oh great, looks like @TLRailUK on-train WiFi doesn't support new QUIC protocol - so many sites now unbrowseable (presumably a side-effect of the packet inspection that it shouldn't be doing in the first place!)",brandwatch,en-GB,,,b3c55a39-cfa9-8a2d-6127-28eb2fea9238,b3c55a39-cfa9-8a2d-6127-28eb2fea9238,Z003XDCS,True,wifi,True,edb1a26c-7db2-d75e-05b7-be7385fe1bfb,b3c55a39-cfa9-8a2d-6127-28eb2fea9238,Z003XDCS,negative,True,1ad2903d-d42c-6917-3060-d6d38f526d35,1181957615229779968
2019-03-21 08:06:59,9.927213452208371e+17,@Frisweet @tlupdates @SouthernRailUK @TLRailUK A seat isn‚Äôt guaranteed a ticket only allows you to travel. There are only so many trains and all are used if not in use they are awaiting maintenance,brandwatch,en,,,0fea8b22-7f8e-9021-ff1d-5e22d2441ac6,0fea8b22-7f8e-9021-ff1d-5e22d2441ac6,Z003XDCS,True,tickets/seat_reservations,True,5d0935c8-51fe-b9c2-b36c-277402f5391f,0fea8b22-7f8e-9021-ff1d-5e22d2441ac6,Z003XDCS,neutral,True,0c9d707d-df3c-dc47-d6a4-c237aee4ac15,1108641137458327552
2019-04-16 19:10:21,9.635648011957412e+17,(Thameslink Update) 19:19 Sutton Surrey to St Albans City due 20:52 - 19:19 Sutton Surrey to St Albans City due 20:52 is being delayed at Herne Hill.,brandwatch,en-GB,,,c31baf35-75af-7c91-8a3f-02df145966f1,c31baf35-75af-7c91-8a3f-02df145966f1,Z003XDCS,True,delays,True,fcb55b0b-9e0e-d7fc-96b3-7392f688e9c7,c31baf35-75af-7c91-8a3f-02df145966f1,Z003XDCS,negative,True,b77ca4be-5425-4e9c-06ea-f1c3cc82aa33,1118230164658425857
2019-05-29 11:55:56,225014581.0,"@TLRailUK Not according to everyone on the platform or the train announcer or the platform guard . this is the trouble with @TLRailUK isn‚Äôt it. Not listening to the actual people ON the platform as it went thru, relying on clearly faulty tech but computer says Yes so it minuet be right?",brandwatch,en-GB,,,625e5768-5738-d3fc-6679-97ec2ae66607,625e5768-5738-d3fc-6679-97ec2ae66607,Z003XDCS,True,station,True,722769c8-2367-07dc-eebf-ecb29e922568,625e5768-5738-d3fc-6679-97ec2ae66607,Z003XDCS,negative,True,a916a713-cc64-0d5e-c5dc-382177a2763a,1133703519893168130
2019-05-15 17:44:11,154996779.0,@TLRailUK Your fleet team need to stop signing off these updates without fully testing them. It‚Äôs a joke they keep braking the system cause they ain‚Äôt been tested.,brandwatch,en-GB,,,029e1f88-6b06-71dc-c435-1dcbe29469cc,029e1f88-6b06-71dc-c435-1dcbe29469cc,Z003XDCS,True,announcements,True,28bc1a63-e195-7e7f-740c-7d861c6f618b,029e1f88-6b06-71dc-c435-1dcbe29469cc,Z003XDCS,negative,True,1c629941-c95c-abbf-d972-e9ca27432248,1128717728645251073
2019-03-13 15:59:48,80054912.0,@TLRailUK your delayed train has made me miss my connection of which I‚Äôve got to buy another ¬£135.00 ticket. What you gonna do about this?,brandwatch,en,,,9ae36cc7-8a7a-1dbb-64d1-73bd3d904d17,9ae36cc7-8a7a-1dbb-64d1-73bd3d904d17,Z003XDCS,True,delays,True,b8f322d5-5f06-eb7c-218f-2263f5203bcd,9ae36cc7-8a7a-1dbb-64d1-73bd3d904d17,Z003XDCS,negative,True,019dbd82-e1b2-7e4c-f702-7aba30a61ca7,1105861022676598791
2019-02-21 09:18:10,968888788125700096,"#Cricklewood - Due to the nature of the repairs required which will take place when no services are running, services have to run at a reduced speed on the ‚Äòup northbound mainline‚Äô. As such, Thameslink services may be delayed by up to 20 minutes, cancelled or revised.",brandwatch,en,,,e963330f-90e4-9174-3a6d-ffda657057a6,e963330f-90e4-9174-3a6d-ffda657057a6,Z003XDCS,True,delays,True,ede833fd-4233-2192-e16f-493720a9d8ef,e963330f-90e4-9174-3a6d-ffda657057a6,Z003XDCS,negative,True,38d72c98-5a88-6476-a3f4-ab6059671c5e,1098512191895023616
2019-02-16 15:59:31,68100018,@TLRailUK hi there - I‚Äôve had a proper ‚Äúblokey‚Äù moment and left a dress I was taking back to a shop for my fianc√©e on a seat in the waiting area on platform 3 at Luton Parkway. Now on the train into London üôà. It‚Äôs says Hobbs on the packaging. How do I get it back? Thanks,brandwatch,en-GB,,,a8250780-dc02-0862-8690-850dd427cd5b,a8250780-dc02-0862-8690-850dd427cd5b,Z003XDCS,True,none,True,08136e7e-eb70-7fc1-b654-4c66fc097865,a8250780-dc02-0862-8690-850dd427cd5b,Z003XDCS,neutral,True,e1180012-748b-8a2a-d018-bf54a606d403,1096801257157730304
2019-01-23 19:45:36,9.635648011957412e+17,(Thameslink Update) 18:30 Rainham Kt to Luton due 21:01 - 18:30 Rainham Kt to Luton due 21:01 has been delayed between Slade Green and Woolwich Arsenal and is now 5 minutes late.,brandwatch,en-GB,,,b3e9a7c6-3eba-7824-c7ff-d05eccddb39d,b3e9a7c6-3eba-7824-c7ff-d05eccddb39d,Z003XDCS,True,delays,True,c5fc232f-cd36-b502-1b9c-16e6476c5673,b3e9a7c6-3eba-7824-c7ff-d05eccddb39d,Z003XDCS,neutral,True,82b986fb-6108-2c49-5c1b-e65763ce7486,1088160840644206593
2019-10-16 07:35:09,309824548,"Also, on a crappy cattle-truck Thameslink train with no tables and weird seats shaped to fit no human back. So bad train is a problem too, just destination matters more.",brandwatch,en-GB,,,8f51e944-4fbb-d7dc-12a0-51a55d7ed7d1,8f51e944-4fbb-d7dc-12a0-51a55d7ed7d1,Z003XDCS,True,tables,True,484d43b7-102a-c5a9-bb02-4265118bd8ae,8f51e944-4fbb-d7dc-12a0-51a55d7ed7d1,Z003XDCS,negative,True,53062b9c-c36a-524e-e799-a12c61ba604d,1184372190222962688
2019-12-20 07:39:03,123092848,@TLRailUK @JessWinch Buses have started to arrive - but very long queues. Now been waiting in the rain for over 1hr even to get a bus which MIGHT get me to a train.,brandwatch,en-GB,,,18af2a38-ef21-da97-ec6a-daa3877b8014,18af2a38-ef21-da97-ec6a-daa3877b8014,Z003XDCS,True,none,True,d3231fc1-0d55-991c-da3e-53c46733ae4a,18af2a38-ef21-da97-ec6a-daa3877b8014,Z003XDCS,neutral,True,06792621-2380-7151-ba66-bf7aae77adfc,1207928383901974528
2020-07-15 18:27:06.647000,14671946,@TLRailUK hello I live next to Blackfriars. You are now operating an increased service every day meaning the train noise is now constant. Is there a time after which the trains will be less frequent?,sprinklr,en,-0.12574,51.50853,9510a093-f869-b42f-ca16-321574339e97,9510a093-f869-b42f-ca16-321574339e97,Z003XDCS,True,none,True,7294ec4c-f677-1ea3-6310-b28959f76db8,9510a093-f869-b42f-ca16-321574339e97,Z003XDCS,negative,True,71a01d62-684b-9a16-6e82-24af3721a038,
2020-01-06 23:33:34,66092176,"As his 70th #birthday approaches, #Borehamwood #blogger #thejohnfleming ponders on why generous #Londoners always offer him their seat on public #transport in the capital. #London #UKSOPRO @TLRailUK @TfL #UK #NYC #brighton #edinburgh #travel #edfringe https://t.co/D6KeoeLz9M‚Ä¶ https://t.co/WTYFDWuqjU",brandwatch,en,,,50697164-f241-ef27-3228-eb31876fd105,50697164-f241-ef27-3228-eb31876fd105,Z003XDCS,True,none,True,411ee0b8-d478-5468-e6b8-e4eb9f534deb,50697164-f241-ef27-3228-eb31876fd105,Z003XDCS,neutral,True,12e222aa-45f3-7d6d-f7a0-0c3a90be9cfd,1214329188943048705
2019-12-18 19:35:31,115807485,"Thameslink is no better! Chaos at London Bridge. Spent ages waiting for a train down to Medway. Station entrances were blocked off, exit only.",brandwatch,en-GB,,,ce98d0d2-903a-85fa-1860-7f13476c5c8e,ce98d0d2-903a-85fa-1860-7f13476c5c8e,Z003XDCS,True,station,True,16378878-aed4-2fde-68f7-dab1248e95ad,ce98d0d2-903a-85fa-1860-7f13476c5c8e,Z003XDCS,negative,True,4ebc28df-9b85-797f-f6d5-3657ac976730,1207383912529444864
2019-07-17 10:35:00,1089150094765641728,Govia Thameslink fined ¬£1m over Gatwick Express window death https://t.co/Cp7m58lweG,brandwatch,en,,,0cba814a-704a-dd85-1c5f-238debff4154,0cba814a-704a-dd85-1c5f-238debff4154,Z003XDCS,True,none,True,f2598166-d5a9-e05c-e024-ff8bfdb9ad04,0cba814a-704a-dd85-1c5f-238debff4154,Z003XDCS,neutral,True,cd0e3867-92d7-f9dc-1bd4-cb85aedf0307,1151440155720519680
2019-09-27 18:46:25,419572617,"@TLRailUK honestly, charging me to use the toilets? That‚Äôs ridiculous, had to pay a ¬£1.99 service charge at a cash point just to get change to perform a natural bodily function out of desperation Be humane, guys üò©",brandwatch,en-GB,,,dab65b2e-3c14-a057-cdb8-7df6ad63bceb,dab65b2e-3c14-a057-cdb8-7df6ad63bceb,Z003XDCS,True,station,True,75d0f268-b5a8-b716-bc9b-e8326c94a285,dab65b2e-3c14-a057-cdb8-7df6ad63bceb,Z003XDCS,negative,True,5879330a-63a9-3151-ff72-89d7d5bd10d3,1177655751285837827
2019-03-18 12:00:51,2589703207.0,"‚ö†Ô∏è#TLUpdates - All lines have now reopened between Three Bridges and Horsham. Services may remain subject to delay, cancellation or alteration as we work to return service to normal. ‚ÑπÔ∏èTravel advice, service info and ticket acceptanceüëáhttps://t.co/khoYecNJla",brandwatch,en-GB,,,cc00c834-3af0-f50e-eb2f-3a7379d8db60,cc00c834-3af0-f50e-eb2f-3a7379d8db60,Z003XDCS,True,delays,True,2fe352ff-f20d-9382-e8ab-593924094bde,cc00c834-3af0-f50e-eb2f-3a7379d8db60,Z003XDCS,negative,True,8a96b03c-07cb-6c4b-718b-43e4b789c708,1107612829471920129
2019-07-28 17:54:29,30083777,@TLRailUK Thanks on the other side my plane has now been delayed by 3 hours I think a night in Luton is more sensible. Will you have a timetable even reduced tomorrow,brandwatch,en,,,2d5ea826-9aa4-c840-ce4f-a569f2ca9dc5,2d5ea826-9aa4-c840-ce4f-a569f2ca9dc5,Z003XDCS,True,none,True,a6d51180-5e9f-d424-c493-97a2de6723aa,2d5ea826-9aa4-c840-ce4f-a569f2ca9dc5,Z003XDCS,neutral,True,18c6ae40-a432-1461-eec1-94d2f408de01,1155537023719137280
2020-02-07 18:24:01,617020120,@NetworkRailSE @Se_Railway @SouthernRailUK @TLRailUK Are you laying the foundations for a rubbish commute on Monday morning!?,brandwatch,en,,,0b30824a-7fca-6f8c-e0fc-f5a0ea0161fd,0b30824a-7fca-6f8c-e0fc-f5a0ea0161fd,Z003XDCS,True,service,True,330068dc-5015-2126-3b09-e4ab0a056d8a,0b30824a-7fca-6f8c-e0fc-f5a0ea0161fd,Z003XDCS,negative,True,fa6ee92b-308b-e1a0-9a3c-b9cb3f7e9c0b,1225847701482414080
2019-08-28 07:25:07,1143408237263413248,0821 Thameslink train to Cambridge: Delayed 0830 LNER train to Newcastle: On time - plat 2 0833 LNER train to Leeds: On time 0836 Thameslink train to Welwyn Garden City: On time 0842 Great Northern train to Kings Lynn: On time - plat 1,brandwatch,en-GB,,,5e62a324-bcf5-04df-a1f7-68063fdb970b,5e62a324-bcf5-04df-a1f7-68063fdb970b,Z003XDCS,True,delays,True,602023b1-2e53-6d12-b4a4-7a9bd711078f,5e62a324-bcf5-04df-a1f7-68063fdb970b,Z003XDCS,negative,True,39959647-ef97-308a-0fe9-7655a25a8135,1166612658415706112
2019-07-29 16:51:13,569398627,@TLRailUK Streatham. I have now gone to Blackfriars where the boards showed no Sutton trains but announcements were helpful once I had got to platform 1 to be told it was gong from platform 4,brandwatch,en-GB,,,87d90a6b-3d01-a78c-5e6b-87f851d89f20,87d90a6b-3d01-a78c-5e6b-87f851d89f20,Z003XDCS,True,station,True,fcef675a-41c8-7e18-f7f6-1b8b471431bf,87d90a6b-3d01-a78c-5e6b-87f851d89f20,Z003XDCS,negative,True,c16b9562-dc4a-945f-1dc1-1322be951a76,1155883488844890112
2020-02-20 15:47:13,2967896361,"Dear @TLRailUK I was delayed and submitted a delay repay claim, but I have since received an auto delay repay notification. How can I link both records without risking being seen as making two claims for one delay?",brandwatch,en,,,a5bc6fb8-06dd-2e99-d4d9-e64d4720179c,a5bc6fb8-06dd-2e99-d4d9-e64d4720179c,Z003XDCS,True,delays,True,8aff6987-1e58-e478-0a68-9cd6a51244aa,a5bc6fb8-06dd-2e99-d4d9-e64d4720179c,Z003XDCS,neutral,True,a55c5b0d-8072-4db7-02b5-6b080c09678f,1230519281030443008
2019-08-28 12:02:38,963564801195741184,(Thameslink Update) 12:19 Bedford to Brighton due 14:42 - 12:19 Bedford to Brighton due 14:42 has been delayed between Leagrave and Luton and is now 10 minutes late.,brandwatch,en-GB,,,a3b49d97-29f5-689d-97ed-241a997e65e7,a3b49d97-29f5-689d-97ed-241a997e65e7,Z003XDCS,True,delays,True,a583961b-d5da-f045-6625-1a0922180022,a3b49d97-29f5-689d-97ed-241a997e65e7,Z003XDCS,negative,True,bb12675c-7425-8c54-6e95-d99a25fbe9e7,1166682500334313473
2020-01-21 11:11:16,2589703207,"@NetworkRailSE @SouthernRailUK #TLUpdates - Services running between Redhill & Earlswood remain subject to delays of up to 15 minutes this morning. Network Rail engineers are on site investigating the issue, with ticket acceptance remaining in place whilst they work to rectify. ‚ÑπÔ∏èüëá https://t.co/iYMraBkjSy",brandwatch,en-GB,,,fb7c54d6-ba09-ad04-e2d3-35009fdde7ec,fb7c54d6-ba09-ad04-e2d3-35009fdde7ec,Z003XDCS,True,delays,True,a3ae1730-7d48-25d7-4700-2a2d4b870e4e,fb7c54d6-ba09-ad04-e2d3-35009fdde7ec,Z003XDCS,neutral,True,dd5e2ccf-e974-0589-27f8-1cffded12db9,1219578199681708032
2019-04-15 16:14:08,2589703207.0,"@Dava73 Hello, it's due in at City Thameslink at 1722 currently. This service has been delayed by a late running train being in front of this one. ^Jake",brandwatch,en-GB,,,ca923d0e-7cc3-feb0-50ac-e47e8b33e176,ca923d0e-7cc3-feb0-50ac-e47e8b33e176,Z003XDCS,True,delays,True,19ae5a7b-ea94-f660-d3cf-24860e3f2c27,ca923d0e-7cc3-feb0-50ac-e47e8b33e176,Z003XDCS,negative,True,9578e041-4b28-c868-74d6-c2f7930b7836,1117823430873817090
2020-08-28 17:34:29.963000,769712396,"@TLRailUK Hello. I am still waiting for a refund of a transaction that was unsuccessful. I tried to buy a ticket, the website took my money and no ticket was issued. I was meant to get my refund within 5 days and more than ten have now passed. How long will I still have to wait?",sprinklr,en,-0.12574,51.50853,f32daa1a-162e-8e1a-dca6-595400e34ee4,f32daa1a-162e-8e1a-dca6-595400e34ee4,Z003XDCS,True,none,True,e507e2de-22b8-6dd8-37c7-a97675702aa1,f32daa1a-162e-8e1a-dca6-595400e34ee4,Z003XDCS,negative,True,9ca6694c-c964-9d07-969f-c09c37dce17c,
2019-11-05 23:48:30,769502168,The seats on @TLRailUK are made to give you back issues wtf,brandwatch,en-GB,,,69a4905a-cf12-fd32-a941-817b1f65c9f9,69a4905a-cf12-fd32-a941-817b1f65c9f9,Z003XDCS,True,seats,True,46f965a0-d9e3-d410-61b0-c89fb674853b,69a4905a-cf12-fd32-a941-817b1f65c9f9,Z003XDCS,negative,True,4ce22281-351c-ed19-772e-adeb1550198e,1191864899804303360
2019-03-15 10:32:04,9.378251056143933e+17,"@EMTrains Nah won't even connect to any devices, will have to wait until I get on @TLRailUK",brandwatch,en-GB,,,b9c0374b-5267-60b7-64ce-1ecc96713b97,b9c0374b-5267-60b7-64ce-1ecc96713b97,Z003XDCS,True,none,True,dc7bd788-d273-f2a0-1d67-c4e57b5adefe,b9c0374b-5267-60b7-64ce-1ecc96713b97,Z003XDCS,neutral,True,2a5bf38e-0bb3-2a21-4092-ad4dbf1bc919,1106503322490548225
2020-02-26 06:05:41,936520228829368320,@TLRailUK just heard an announcement at BUG about planned engineering works on Sunday Feb 23rd?,brandwatch,en,,,80871e45-bcf7-b31b-cb5f-ab6f5673c418,80871e45-bcf7-b31b-cb5f-ab6f5673c418,Z003XDCS,True,none,True,906919c9-5887-bb39-b16d-7dcc16643e12,80871e45-bcf7-b31b-cb5f-ab6f5673c418,Z003XDCS,neutral,True,3ed25411-5512-a323-9b05-12d3f8dcdc61,1232547262150184960
2019-07-22 07:22:07,115503385,"Commuting public: ""hurrah, the school holidays! At last, the trains will be quiet and we'll all get the seats we paid for"" @TLRailUK: ""let's cut peak time service trains from 12 carriages to 8. That'll show them.""",brandwatch,en-GB,,,befdc070-8197-30cd-7e95-a9ed9f12d9c0,befdc070-8197-30cd-7e95-a9ed9f12d9c0,Z003XDCS,True,service,True,3214acbe-993b-fc0e-a244-e622feac08d9,befdc070-8197-30cd-7e95-a9ed9f12d9c0,Z003XDCS,neutral,True,1c19b822-595f-5175-e27b-1968a6e4ae63,1153203552409587712
2020-02-22 19:21:51,858327009235271682,"@TLRailUK Can you ever get away from delays on the trains? Even on a Saturday evening with minimal trains running, just sitting on a stationary train waiting to get into St. Albans. Desperate.",brandwatch,en,,,5f1bf05a-36d5-0615-ffc4-d67c7a10933d,5f1bf05a-36d5-0615-ffc4-d67c7a10933d,Z003XDCS,True,delays,True,ba0530cb-4157-a64a-8f53-a52221f451bc,5f1bf05a-36d5-0615-ffc4-d67c7a10933d,Z003XDCS,negative,True,43f0d82a-7824-8690-c628-e2a4d3e42cef,1231298071776169984
2019-02-22 04:47:36,117204420,"@RedhillRail @TLRailUK @GTRailUK @transportgovuk @TransportFocus @CBTransport Do we really want #failinggrayling to pop down to Three Bridges to do the job? Seriously though with fewer sets required over the 9 day @brighton_line work there is no excuse for trains not having power points, tables and wifi installed while they are parked up.",brandwatch,en-GB,,,306ebbb8-c4d9-6954-7ce0-020e689ffc3f,306ebbb8-c4d9-6954-7ce0-020e689ffc3f,Z003XDCS,True,wifi,True,4b213eb0-f160-775a-f14d-06821a60213f,306ebbb8-c4d9-6954-7ce0-020e689ffc3f,Z003XDCS,negative,True,31771b0a-49b9-f8e5-9660-b69ebd944e25,1098806489224019969
2020-02-06 21:04:32,197127053,@LutonEye @TLRailUK @networkrail @transportgovuk @Daily_Express Lady in a wheelchair on platform 4 at Luton this morning waiting for the 6.12 am train.... at 6.09 an announcement was made changing the platform from 4 to 1... she had no chance of doing that in 3 minutes,brandwatch,en-GB,,,cb3f8bed-7a06-86a3-0b44-a7f1a5a47594,cb3f8bed-7a06-86a3-0b44-a7f1a5a47594,Z003XDCS,True,service,True,0ccae656-17eb-c956-9305-46d39b214263,cb3f8bed-7a06-86a3-0b44-a7f1a5a47594,Z003XDCS,negative,True,7cf207c2-2a82-6d78-c1e5-aefdf0a32a36,1225525708614709250
2019-02-14 08:46:14,2589703207,‚ö†Ô∏è #TLUpdates - Services may still be cancelled or delayed by up to 20 mins following a road vehicle colliding with a bridge earlier between East Croydon & Purley ‚ÑπÔ∏è More info üëá https://t.co/HWNSMTTwFT,brandwatch,en-GB,,,22427072-cb41-5e78-54ad-b6330566fcae,22427072-cb41-5e78-54ad-b6330566fcae,Z003XDCS,True,delays,True,7bf5e186-044a-7a80-8e04-8ac48ef8cdeb,22427072-cb41-5e78-54ad-b6330566fcae,Z003XDCS,negative,True,41f0829a-3d01-94f6-cfc6-8069f51a8762,1095967440218062848
2019-05-29 16:41:52,535168179.0,Taking the Biscuit?! Sweet treat apology from @TLRailUK for yesterday‚Äôs disastrous commutes. We can all eat these whilst we wait extra time tonight - cancellations due to lack of train crew. 8 cancellations from 4.30pm onwards. Poor show. @hitchincommuter @BBC3CR @BBCLookEast https://t.co/91cpJGVAy9,brandwatch,en-GB,,,a93a499e-c3c2-e359-175d-d69173eed830,a93a499e-c3c2-e359-175d-d69173eed830,Z003XDCS,True,delays,True,07512070-1fcb-d13a-1b30-8726718ee278,a93a499e-c3c2-e359-175d-d69173eed830,Z003XDCS,negative,True,a328cc69-69ba-0352-b9af-f0336b90818c,1133775476269473794
2020-03-10 08:07:08,2166132552.0,@TLRailUK is the WiFi only available in 1st class on your trains?,brandwatch,en,,,8d6b1eb6-08ed-f7e2-c7b7-cb6e32ac7b9b,8d6b1eb6-08ed-f7e2-c7b7-cb6e32ac7b9b,Z003XDCS,True,wifi,True,b6cab63a-ddcb-2dc5-cac9-4aae3785b93e,8d6b1eb6-08ed-f7e2-c7b7-cb6e32ac7b9b,Z003XDCS,neutral,True,1b3dc4f9-e815-0a78-0fe5-785cdfc50428,1237288867872608256
2019-02-18 10:17:16,716607267064438785,"Major train delays into London as upgrade works hit Southern, Thameslink and Gatwick Express¬†services https://t.co/JePdDkXh0y https://t.co/Npd7xYQp10",brandwatch,en,,,c0d6b4b6-2af4-afb5-45e3-391b2e3a553a,c0d6b4b6-2af4-afb5-45e3-391b2e3a553a,Z003XDCS,True,delays,True,7726a505-a0e3-e6b8-c8eb-11f0c338e0b1,c0d6b4b6-2af4-afb5-45e3-391b2e3a553a,Z003XDCS,negative,True,bdd9b31a-3afd-5cd6-a23c-f22d3382222c,1097439899869949956
2019-12-22 10:48:02,26530416,Heavy rain and broken down train causing cancellations and delays on Great Northern and Thameslink https://t.co/GxEWsr7UU7,brandwatch,en-GB,,,76e16086-b341-9131-9484-2b1810320c09,76e16086-b341-9131-9484-2b1810320c09,Z003XDCS,True,delays,True,10f4d95b-e712-5ec2-94e5-44ef62c4a81e,76e16086-b341-9131-9484-2b1810320c09,Z003XDCS,neutral,True,12f2596b-4f17-d72e-567f-dd5b8c1ce314,1208700719554949121
2019-11-29 08:07:33,154996779,@TLRailUK why are trains cancelled or delayed from Bedford? Nothing on your twitter feed about any problems?,brandwatch,en-GB,,,880c970d-49e9-3d70-1158-2581afbfdeea,880c970d-49e9-3d70-1158-2581afbfdeea,Z003XDCS,True,delays,True,4d63c56e-af7e-34b1-333e-f5ba0d0ddc02,880c970d-49e9-3d70-1158-2581afbfdeea,Z003XDCS,neutral,True,5ac8e9cd-e229-c932-0b82-fb145dab2fb1,1200325412347371521
2019-09-28 15:27:03,1143408237263413248,1606 LNER train to Newark North Gate: Delayed 1627 Grand Central train to Bradford Interchange: On time - plat 10 1628 Thameslink train to Cambridge: On time 1633 LNER train to Leeds: On time - plat 1 1630 LNER train to Edinburgh: expected 1635,brandwatch,en-GB,,,98a24ec6-67ee-460f-d5d7-5b3838c808dd,98a24ec6-67ee-460f-d5d7-5b3838c808dd,Z003XDCS,True,delays,True,d6d1f94c-901d-e67b-122e-a4860e1f1215,98a24ec6-67ee-460f-d5d7-5b3838c808dd,Z003XDCS,neutral,True,7371adf1-0223-2244-312f-078b406eb386,1177967964731183105
2020-02-27 08:43:06,191833967,@TLRailUK @SouthernRailUK Carried on to East Croydon where I'm waiting for service to st pancras,brandwatch,en-GB,,,8d9ab42b-cde3-784f-7c70-d9e1927a6821,8d9ab42b-cde3-784f-7c70-d9e1927a6821,Z003XDCS,True,delays,True,e4ba804a-a65b-a8be-1ee1-b0cd8f3aa2f4,8d9ab42b-cde3-784f-7c70-d9e1927a6821,Z003XDCS,neutral,True,ff301d16-d689-bd75-b032-ff830b38159b,1232949266458517504
2019-09-28 18:54:00,1138765268505759745,1949 Thameslink train to Brighton: Delayed - plat 1 1840 EMR train to Nottingham: expected 2002 - plat 4 2005 Thameslink train to Gatwick Airport: Delayed - plat 3 1940 EMR train to Nottingham: expected 2008 - plat 4,brandwatch,en,,,e2992b2f-096f-e0b1-61c3-8caa7faabc05,e2992b2f-096f-e0b1-61c3-8caa7faabc05,Z003XDCS,True,delays,True,428892df-7280-f9d4-9b73-f8400b9cbd8f,e2992b2f-096f-e0b1-61c3-8caa7faabc05,Z003XDCS,neutral,True,29971905-8045-8b49-4cae-0d9f25c396c7,1178020046980952067
2019-09-30 09:39:01,1143420803549151232,1012 Thameslink train to Cambridge: Delayed - plat 7 1038 Great Northern train to Moorgate: On time - plat 1 1039 Great Northern train to Hertford North: Cancelled 1022 Thameslink train to Brighton: expected 1042 - plat 2 1043 Great Northern train to Moorgate: Cancelled,brandwatch,en-GB,,,622a5e62-0437-bf6e-78dd-ecebf0d50261,622a5e62-0437-bf6e-78dd-ecebf0d50261,Z003XDCS,True,delays,True,183dceec-1f15-87e3-9ce4-57a840b3b418,622a5e62-0437-bf6e-78dd-ecebf0d50261,Z003XDCS,neutral,True,51c1058e-e3b9-719c-a33e-0053654c09b8,1178605156474200066
2020-10-14 15:37:04.511000,101248459,TRAVEL: 15 minute delays on @SouthernRailUK @TLRailUK at #Redhill due to a points failure,sprinklr,en,-0.13947,50.82838,7fdb98ba-cbf1-e35d-0f3e-955b26144664,7fdb98ba-cbf1-e35d-0f3e-955b26144664,Z003XDCS,True,delays,True,0d0df242-1ae5-5bfb-a9f3-b4bf904ebe57,7fdb98ba-cbf1-e35d-0f3e-955b26144664,Z003XDCS,negative,True,63d76e53-e893-b5bc-e8e6-135b6e008148,
2019-01-16 18:37:55,117113291.0,@TLRailUK What‚Äôs happening?? Driver hasn‚Äôt given an announcement in 20 mins - doors are locked and meanwhile trains are going past we could get on,brandwatch,en,,,ab47e1c4-4a6b-2835-1c86-3d388b586acf,ab47e1c4-4a6b-2835-1c86-3d388b586acf,Z003XDCS,True,none,True,09f71441-1c79-ce52-e67f-0b112328478d,ab47e1c4-4a6b-2835-1c86-3d388b586acf,Z003XDCS,negative,True,a01e36ac-f027-21e9-1f47-8471d7c50339,1085607093082705920
2019-07-18 17:25:17,1313704927,Evening @tlrailuk - you cancel the 1724 ZFD to HHE due to no staff and the 1724 following service is overcrowded with no guard (we had one this morning) to tell that air con is broken - carriage 412114 - rear carriage going south.,brandwatch,en-GB,,,0b970b5b-e111-3f30-a856-803c5eb7c28f,0b970b5b-e111-3f30-a856-803c5eb7c28f,Z003XDCS,True,air conditioning,True,a495f4f2-fa34-e04d-2f88-f66348d3ca97,0b970b5b-e111-3f30-a856-803c5eb7c28f,Z003XDCS,negative,True,1825d2c4-0514-78ac-f95b-0dff074b753b,1151905793429725184
